{"c2e0da8e-0306-4a4b-b593-84c8a45395db": {"topic": 9, "prediction": "real", "certainity": 0.8566587700805758}, "cabe8e93-81be-4d48-8333-266f731af782": {"topic": 9, "prediction": "fake", "certainity": 0.5815043017884921}, "0ea1f2e6-b532-44c0-821f-70a6ef6735eb": {"topic": 9, "prediction": "real", "certainity": 0.6605122508252464}, "cb5946b7-39a9-4d03-aa3a-9930a4c3d77e": {"topic": 9, "prediction": "fake", "certainity": 0.7085689712877768}, "daee3dea-9939-4a41-a54c-8c48fd25f4b8": {"topic": 9, "prediction": "fake", "certainity": 0.8245851486053449}, "60781b1a-0a9c-4802-9e0f-eea97e20db36": {"topic": 9, "prediction": "fake", "certainity": 0.9680677413870044}, "b9cbbf6a-43d8-4be3-aa6c-da60d1161ba8": {"topic": 9, "prediction": "fake", "certainity": 0.9814569511823411}, "670f17e8-1fa3-4a8b-9dc7-272e07e833ee": {"topic": 9, "prediction": "fake", "certainity": 0.7044824205560088}, "06595b02-6a27-481e-adc3-f4f49a7fc124": {"topic": 20, "prediction": "real", "certainity": 0.7401304654482103}, "6cf338bc-8613-4077-8878-f95ff6d1c9eb": {"topic": 20, "prediction": "real", "certainity": 0.8380586434857631}, "11755246-3c48-4ba3-afa4-d26e038c2a55": {"topic": 20, "prediction": "real", "certainity": 0.9696181110737486}, "b3c912ec-f594-4fb8-92f0-555a0cf521cc": {"topic": 20, "prediction": "fake", "certainity": 0.7744591743730777}, "18526cf6-d581-4339-880c-a277cdb3fb1e": {"topic": 20, "prediction": "fake", "certainity": 0.8733216893095908}, "5ecba7b7-008a-4a6d-b377-55d6051656e9": {"topic": 20, "prediction": "real", "certainity": 0.9926720346078513}, "4ff03983-427e-4f09-b00f-b35619ca7aab": {"topic": 20, "prediction": "real", "certainity": 0.8308682320117052}, "192eca32-d5c4-4933-9b6d-8434f9ebf48c": {"topic": 20, "prediction": "real", "certainity": 0.9696991998390492}, "ea4435da-9f61-469d-a11a-33fcb9653054": {"topic": 25, "prediction": "real", "certainity": 0.8899761415838974}, "fe95c08a-a416-44e9-b564-612daff46542": {"topic": 25, "prediction": "fake", "certainity": 0.89640910448713}, "26f92135-ee3e-48dd-a6d6-4c9956f781ca": {"topic": 25, "prediction": "fake", "certainity": 0.9630023730979403}, "d79927e3-a709-47d6-a2b9-826d6fe3762d": {"topic": 25, "prediction": "real", "certainity": 0.9674958956245326}, "fb6a1e79-37cf-4cbd-ad3f-48fa25dcf9ab": {"topic": 25, "prediction": "real", "certainity": 0.5528557700997492}, "2b771286-15ce-48e9-875d-a43907557f24": {"topic": 25, "prediction": "real", "certainity": 0.5689894366987311}, "e31bfeb5-768f-417e-b881-4cf6d44c6d03": {"topic": 25, "prediction": "fake", "certainity": 0.8167668880112363}, "f4ffaa81-0d24-42eb-ab94-23143f4b24d1": {"topic": 25, "prediction": "real", "certainity": 0.9264867827328015}, "019cb0b8-c38c-40e5-ac87-4ebafc8cdae4": {"topic": 30, "prediction": "real", "certainity": 0.7742907978376679}, "00f9666f-622f-4aca-9861-6cab59a5fd8b": {"topic": 30, "prediction": "real", "certainity": 0.6985562039401199}, "041ef27a-3b9e-46a8-8cc3-cffe5393dd18": {"topic": 30, "prediction": "real", "certainity": 0.8895374089521216}, "0ec0fc93-20d0-4bdc-9d36-a1ac105f6936": {"topic": 30, "prediction": "real", "certainity": 0.7970779869827531}, "13cb7319-7457-40b1-9ac8-f794e8c9fe13": {"topic": 30, "prediction": "fake", "certainity": 0.6056227789434238}, "39e4f6e6-be4d-4967-9420-98a42186a1e7": {"topic": 30, "prediction": "real", "certainity": 0.9456627253303874}, "04e05b6b-30e8-483d-9154-da720b88d8d1": {"topic": 30, "prediction": "real", "certainity": 0.9514324295272498}, "4691085c-10fb-42f6-ab61-56fb7ad278e8": {"topic": 30, "prediction": "real", "certainity": 0.9820184097658679}, "0e83c71c-aa23-46b5-9835-c9d19055e320": {"topic": 47, "prediction": "fake", "certainity": 0.9221331641973106}, "00626f03-9413-4d60-a177-8536b4b81ac1": {"topic": 47, "prediction": "real", "certainity": 0.9101339507225579}, "fb46d636-944c-4501-be54-4e43745f32a2": {"topic": 47, "prediction": "real", "certainity": 0.9659505715681816}, "a1b82a39-fa13-4168-bcd3-518cff9d6f94": {"topic": 47, "prediction": "fake", "certainity": 0.9629874840536796}, "61b2a4a9-046f-440d-ad50-e7d5768e5338": {"topic": 47, "prediction": "real", "certainity": 0.9876315029491174}, "012f6998-5906-4d3c-b3d6-1bdefe8e7fe9": {"topic": 47, "prediction": "real", "certainity": 0.9696853794776569}, "01ab12d1-27c9-43f5-9445-8c151995ba6b": {"topic": 47, "prediction": "real", "certainity": 0.9866251675059521}, "5ab9c311-e644-4f2c-9b88-cf57bd227b93": {"topic": 47, "prediction": "real", "certainity": 0.9285707317373757}, "00a10a00-761f-4940-bf86-fa04b38f8948": {"topic": 49, "prediction": "real", "certainity": 0.8908665859311343}, "053ccf3a-ebd6-485b-b2e4-01a0949c3a45": {"topic": 49, "prediction": "real", "certainity": 0.8378810233734156}, "03209ccd-0a82-4822-af66-5894431ca33b": {"topic": 49, "prediction": "real", "certainity": 0.7575740544379541}, "05f9ac69-e175-4b20-bd7f-b240c442660e": {"topic": 49, "prediction": "real", "certainity": 0.5707104191862057}, "0bd1427d-aafd-41bc-9c1f-02c8268de860": {"topic": 49, "prediction": "fake", "certainity": 0.7440939340130469}, "d73eb8d0-3d49-4753-b6ee-bec406df1d7c": {"topic": 49, "prediction": "fake", "certainity": 0.9095322823602352}, "c9ac63a5-802e-47b7-aaee-b28f166d56c5": {"topic": 49, "prediction": "real", "certainity": 0.6414442844941604}, "1f52b3fe-b53c-48c0-8dd2-a0427bb1609f": {"topic": 49, "prediction": "real", "certainity": 0.9709455856899116}}